{"cameraMode":{"drawMode":0,"name":"Shaded","section":"Shading Mode"},"sceneLighting":true,"audioPlay":false,"sceneViewState":{"showFog":true,"showMaterialUpdate":false,"showSkybox":true,"showFlares":true,"showImageEffects":true,"showParticleSystems":true},"in2DMode":false,"pivot":{"x":0.7203332781791687,"y":1.7644624710083008,"z":-11.708611488342286},"rotation":{"x":0.05187536031007767,"y":0.00928797572851181,"z":-0.00048102563596330583,"w":0.9986200928688049},"size":1.2247449159622193,"orthographic":false}